{"toc_analysis": 9.42199993133545, "toc_extraction": 7.84699988365173, "description": "Increment      1: Step Time =    1.000"}